sensor1,sensor2,sensor3,sensor4,sensor5,maintenance_needed
50.88850500466627,50.15577775429716,60.24710244479513,63.797436317825024,72.79083858345186,0
43.323278206449494,59.41826099159913,51.1014086389104,62.38643029450909,72.91563676681973,1
51.90098925502981,49.46695738178298,47.780794867665136,56.659378442635386,53.093283723935485,0
53.05292872641912,65.32039174582722,48.74773352654138,55.62212997250688,60.21500454133394,0
52.7989522396552,60.57707827054152,52.07678247283044,68.7149589083726,97.55217743719902,0
55.40390362777311,49.797139503745484,52.888472093100944,60.5955845463321,66.94389385846196,0
54.16961077274452,57.83553646065096,50.38002360281526,67.53086657228916,77.30958976376216,0
52.29590039614219,54.73490516086592,47.22330001450064,57.91801051100622,63.493401726316165,1
49.649171442706766,62.23422157293426,52.26327503515487,66.44850194216866,49.09697101146843,0
41.69519533242004,69.38315312216201,56.088559720683826,75.42622429852851,68.29741753204094,0
52.14809109566293,46.87379271247978,58.57017679501339,69.68932640314226,67.34395439713894,0
51.03843843581556,60.80518255403192,51.655461681350076,61.70068945426816,66.00121761331629,1
51.35789418597687,58.87907043103352,52.5220130671394,67.05759176284742,68.85359164493607,1
43.61625712089845,64.69938053515327,49.43981014691614,63.074678603758294,72.64268271645636,0
44.59471729795869,61.492376397663826,54.81136497775134,65.06304147755783,68.49883048746193,0
55.26576426666452,54.736214677828265,49.90942819485511,62.39511158281197,57.35993832052636,0
49.802224230716725,57.76662245033367,58.4387668794472,63.68531835291687,74.86184791561939,0
53.40750348686312,54.42781900237558,44.28480104839534,66.6967468245934,50.50628244677577,0
50.14159188065231,67.53204997019019,52.842221965285226,57.0531304033444,49.496425427158,0
50.14878069747873,60.149181540703594,56.806644035150455,56.87296938408017,77.39180494701569,0
54.69141902987999,73.30833480027106,56.10300709793503,53.89165956935031,75.07020272135357,0
47.41977635891313,59.57537430329766,71.15820198388298,52.19783116397032,69.42604634925964,0
50.48060388470492,55.04115263162676,57.098800147407445,55.26173846223617,56.04551495244928,0
47.68862355647479,49.40399925171021,48.97567241894794,66.27570005443303,62.920890593259244,0
47.827518862838424,47.37802226620838,54.427214517465565,57.85769987606493,67.37253252313496,0
48.454139382656805,48.91104839896157,44.34252199920129,69.10891571384877,54.041060314258864,0
51.110668858168566,61.869886557080385,54.51640150421944,65.2777099900205,62.60971341976767,0
47.60625689168261,63.56107516260954,50.00166365799545,49.25196629249557,76.5233033817668,0
56.278780627867604,48.931665085775066,60.49234165336097,70.23980467377352,84.27305364289217,0
45.52696348890248,66.26526819853281,51.70275835242679,71.48638916473368,65.8056524734145,0
49.06564177919321,56.61857263821592,54.29940450522852,57.04909860132118,77.56488354316099,0
47.801344708629124,61.02755108389884,51.18665295157358,68.36153234315994,50.859399294125325,0
57.23488942176866,71.28554439778797,65.43310811111999,58.14801410072641,76.59451241113612,0
50.98277388255787,66.27787521105873,53.07254340329253,65.78136301398668,61.96051585272519,1
55.159222697343175,58.120285464659176,65.9953422608752,54.88401274436028,73.0734561670797,1
42.57219813481514,53.76165442209299,59.8849105727096,50.655148379723386,67.52247581760291,1
51.33525132934629,44.93729219069486,57.89240036401232,61.93746248309625,83.20414009783835,0
54.44815397811718,54.96592676530306,57.21239888390512,64.01016842980131,61.25564351660082,0
50.41141994637712,58.52208832820614,57.36278378929751,61.81856245108317,76.27606297561832,0
55.32740187532676,53.08974330994171,43.43396452392634,55.52775553421952,67.20492536703466,0
47.41355774949814,59.08120123035387,53.32669963509546,61.8008075029509,68.41694521990337,0
57.0467372009279,60.53796318071138,60.070947827105925,67.15435802064587,68.1614610684079,0
61.49449061809625,58.42600812734345,54.706616899155364,64.6408557590197,61.54326895505887,0
48.18580719780171,55.44998193423578,46.56886091917855,66.46000824479371,69.85901034093328,1
47.77248739299614,61.180582703767094,54.68557329653518,59.63907839636614,69.37351777878179,0
57.2669223855885,63.093584546985866,65.22463309753294,74.37374331772928,72.41240248406729,0
57.89786072865356,52.36720645790008,62.481350293208315,55.59061330756175,70.84505145692863,0
47.38569986423366,69.8765266582239,54.62797594380381,68.90048237669374,77.97994549612237,0
47.89906591452071,59.309883074010166,60.70869566234852,74.4551287436797,79.23508616047368,0
48.59107695569747,60.131947360613935,52.80095787779169,68.84726474199117,59.49376678172199,0
43.27774744482861,64.9575009627959,44.77677047903968,63.37980618348136,78.68772500590771,1
45.40674026757901,61.63251291884451,49.45320407122267,60.773623626696164,58.13663572890145,0
44.97929616623966,66.67195643739271,64.37733261104918,73.28870120837004,75.87855888137734,1
46.16101217447936,62.00986915641277,53.35604150902417,53.61620059790661,76.1973878470287,1
49.82657556306609,55.712938377516934,53.53969612374989,57.23900591696285,50.88683108337496,0
51.1710736626826,62.53052467644271,53.20097082235072,61.81953787606623,70.9297924652941,1
57.75250246407038,51.993916548755365,66.42481953743804,74.90123006009598,65.31503886639685,0
45.00822979630605,60.75991794043566,64.75575349217237,68.03814108832717,62.41234742064625,0
54.92161199238292,59.767390065488776,68.3126814006888,57.25563393191804,83.50852330699006,0
48.93005577887246,58.54318199909222,54.045728737599696,62.517538356920774,63.46320859362581,0
49.752681451737836,59.10023741992749,56.77374693248257,60.08541484722964,61.9362307088195,0
53.37409746083302,46.827056681516524,45.90014470347525,59.32168806213172,70.75694940005093,0
44.386389892188504,56.15892564581327,63.861606556709646,72.83111646845424,76.85589746298416,1
51.912048730920255,60.6499143079878,47.99332269239239,54.02605496589196,68.58351413989872,0
50.83226104106528,61.1189947439818,56.300653382575774,77.87024684587499,81.66370545669253,0
52.462256320040744,52.80627401351829,48.41618483420294,71.62583752147698,75.30975661964091,0
51.44584321953909,68.8599548860529,51.466799039567825,73.72689336482958,48.2178868026857,0
62.276500699554475,53.936776062498495,49.9764254137018,61.296483903797935,64.70533036492992,1
46.81130007874342,66.78620040368716,51.352748435945095,63.80047424736713,64.38157900648301,0
47.34501522499091,62.99036053310179,51.76526378110613,53.5347854838023,74.79360953429422,1
46.88429736787618,55.47640883109338,51.71038723044954,60.80270074346558,43.75182943625888,0
47.22261440419873,72.42717624826659,60.00000347068185,68.94923878114521,95.49009708717722,0
46.81306436346741,51.644542177704636,48.370823241624876,75.36850449425117,75.3102609489421,0
55.94508265553776,66.43407921527,56.3232485620832,56.14274546558039,71.4887680391769,1
57.102521239949276,67.00407622630085,62.30775491383335,62.07595250411787,81.81567716419147,0
47.146268531252616,55.30565853646348,51.92082181291963,63.78960623813982,93.43654052812624,0
45.838222134478855,69.7472571004503,50.69248665551439,53.833686382460115,78.70746644588404,0
52.35707778193202,58.24967439780733,53.6168522489185,69.73079393406721,79.4881309647162,0
47.23888477859514,62.020855404959,62.07835125016426,59.20807734605913,71.30690024464383,0
53.164659088777555,61.82225287139855,56.16464578572015,63.43687719058381,68.58474246633051,0
51.0146151042565,59.059838809706164,51.81271423235441,61.384405024704975,65.242045559951,1
42.42127942501384,65.67565791211848,57.90325990712824,58.68529195424261,61.73888008285458,0
57.737526006650306,65.55442104386549,48.386247100981464,64.94364011615556,63.12985900300502,0
58.97938836547761,47.760276187332735,59.088157062657686,63.27512337145582,56.494440356570166,0
46.93605654757807,69.13038170014707,57.45164384621061,62.025136941770675,69.24128549314976,0
48.06149220032008,48.36255608375028,53.153149173166696,59.172307026557256,53.153324227736135,0
51.429326953624525,67.2278234303916,49.96848520931661,67.55619736626365,71.90916524143711,0
51.67228394993513,67.88693595779309,49.67991446629926,78.22893814793828,69.63669391957659,0
53.29272136336415,52.363234988493616,58.20890401807546,66.11909786271302,71.46935298386688,1
60.05102269383175,57.12429998431791,62.37388301493437,72.96894571928902,64.77868429980008,0
49.11526386252975,52.26006732059845,51.17615351782723,53.8782245987723,100.76860370180503,0
46.00851377730773,58.49555278797885,57.750320221308904,66.26209151435016,83.60115900180313,0
43.10340385992736,57.84376001069981,42.47783788838758,56.221053448231466,57.55457499915277,0
46.34534980029041,65.45762372588538,51.492293616056806,53.18460057974479,72.32868087426898,0
49.83436513563102,69.17216122283726,54.81364640277459,59.08502874032771,63.91993857062676,0
58.97278931758894,69.76978667552969,49.541899498109,74.53519467530859,59.85520273292586,0
47.41194350481914,56.06482381395188,49.380961751262426,72.60012662935716,56.599279288760656,0
51.11893975819449,58.5354468837883,50.99332266118668,66.9440377764352,74.32216690759253,0
49.917885519636236,48.21593265445335,56.75315636995824,52.73839552088055,63.18619764930426,0
55.94196636724042,54.35890953452668,53.87602588956175,63.4297547888965,79.67826024025204,0
62.63466212936811,66.7539614316822,41.57061260005017,67.41360007121388,79.9378221453044,0
47.3456561353984,71.30907976483762,42.2757990841896,66.40428983662878,83.7391438521145,0
47.552802787408886,51.35955789684054,51.358808932856945,50.24965133215403,61.47613233925897,0
55.22080438534536,55.85275018592974,57.746119516321315,57.87745721584103,74.7536561069201,0
53.409457448131555,59.81515970128751,38.51497094364859,64.48737788681026,76.32454216642302,1
59.23353662868017,61.961128111737246,52.001618943090214,69.29032727613752,65.25821824896035,0
52.91964092662982,54.332775360548474,51.842512860895475,47.43097743120043,62.28228042607125,0
48.203539546064704,62.968427311248625,63.330026669250685,63.703008196161136,86.09520665775973,0
52.95327415346155,56.68312457050359,52.689869129722815,66.14439015903162,72.27495875732053,0
55.54351790291454,59.898834103852046,57.29793390844557,71.7968959081297,76.35967750711738,0
54.10241090598682,63.823989736025894,55.84754284052478,70.5428606738995,61.77923988172073,0
52.53637015553649,60.04495588867656,42.2166011211568,69.66057055047044,57.80715533477806,0
55.33337344794577,56.94529876631402,59.60924329979042,58.60047594638453,64.30550225507889,1
55.84647795222836,59.23273137251918,56.29237903273773,49.735982903013536,68.75978612610002,1
56.91079495518763,59.381459285562656,58.04961183804754,61.85557794350879,59.35779993182651,0
53.24354943794821,57.40992279082511,78.55742623861796,73.01305460166849,69.90155191349616,1
49.16440959841573,58.188427561330286,42.49532236300847,76.14763622019545,53.114948119315,1
50.733568432166614,71.19053019353302,65.34817989856666,70.68439281838228,58.79952577530128,0
56.03254483254179,63.92643613558867,53.275314883597865,68.43472658241387,76.70911248276875,1
45.91532164506382,57.93163777379588,56.723973426418056,68.03711718708773,76.03790520277894,0
51.84336654436451,64.87868083157515,54.72692652819255,60.55105002591375,66.08123234613133,1
48.0333059383632,57.66326357170793,52.45458199961174,63.95951765157104,59.82235690923047,1
50.143724114674086,68.21187246310649,51.581002430567445,78.35255620661064,59.72596448473989,0
56.39225931303649,62.58749534538666,56.97705241343805,57.45953595366499,66.26731754058686,0
50.95549534009952,59.2488849919704,45.89695781996993,77.9182303256788,76.44518491645292,0
50.23218274078074,63.13401848067194,59.503475005130596,62.42377476406353,79.28245691344324,0
43.200719295100406,49.003866935520506,52.50283357068847,75.60345687276063,65.03468264518031,1
53.731267830136105,52.11262771763136,48.219583965757856,53.74547992401969,58.46507574015216,1
53.22742090570538,51.64252495520661,52.29992285202512,69.68723360931719,72.67843637866333,0
60.8162736165273,61.00060166334595,62.542895301175434,59.105838912419024,61.764650293741504,0
48.461108825234994,72.12760499639565,51.78798947790266,53.6778624646065,64.81747361138798,0
51.0957516383197,75.61910102334842,57.15072170925772,66.74827233928757,83.25276090437038,0
51.246918418553776,64.4663577100853,50.61426234570716,73.07577430876775,78.27115428565767,0
57.887266398817374,63.5059113246112,59.547531099541715,58.24046849125203,71.57974312251451,0
49.52352233806524,47.392595860930825,59.11304643274123,53.007872316332794,57.280809988872775,1
51.3951076288517,56.20128340186185,66.09165299977846,64.26524188532036,72.11396567470659,0
53.0394825485827,54.485513736642325,53.946616327004705,64.30051736978255,80.62657290787527,0
50.93304561578179,55.654066812242185,59.01192882854744,69.38655702043599,66.24366334234465,0
47.76783192724736,58.822993269906476,55.588405237233665,72.5967565709159,83.51114089986714,0
50.970449964491536,56.695365956120106,62.77523069117809,64.52467854982005,82.92745289518207,1
55.36815874929886,46.14490132736948,50.68700567434762,79.8440265183541,86.63732832143474,1
44.867423502944696,65.23537179282273,59.470031877263686,66.79387795628233,73.05243126531353,0
50.66484837073438,52.49079881982136,53.83181622329991,62.2285879519448,75.87391699806012,0
46.499395925304135,61.67472804877805,54.61487093734901,52.10746112717737,84.1418728833109,0
55.97523314462421,74.51857868824982,55.55051490669024,62.898723837470655,74.47393937068975,0
42.384065476081126,53.564307858895035,56.513442378560065,62.30890443671091,64.98765892209788,0
47.20539076364206,42.28798734077569,54.30262574126825,72.68243837025176,65.51457163472139,0
51.8860593753226,57.997970446839226,56.28827909902316,68.69986899253483,72.38554953773739,0
57.827620146171704,67.70671744499,64.4687083453731,55.56504702693906,57.09438578053781,0
49.67124869463506,73.70843217954416,60.91269811369131,66.3780350912883,68.56741084635807,0
47.22400236653401,51.39315283883308,60.21492755498138,70.37224937383243,80.96547118230254,1
59.40578534720295,63.47689456265565,52.266762843856775,77.22425087510265,48.08746148834719,0
42.75993049791878,56.742826802539625,49.664555030630055,72.10003173931247,85.34482101794515,0
39.00597021689959,59.25836151987105,60.731803349426514,71.08677323449183,81.22374218703159,0
52.200072250266665,78.51040342911924,60.256280755178764,65.48068795692132,65.40235384169523,1
47.489728878236946,49.47920770123393,63.83602405450589,68.1064960433876,75.43390827871809,0
44.89383591434643,61.776177630462016,51.37611624418462,74.99603920564927,70.03147726906326,0
53.541782236496765,63.27385220235803,53.62270806783792,54.337780820162806,82.29990368438683,0
51.219003568855996,67.60050427457543,45.163095024847394,62.20448538226435,79.82683142769942,0
47.17960684631636,60.685882074296266,52.64517336363476,58.819450009950074,55.99929276816991,0
43.59847800664553,62.15635377652872,60.97942306347668,68.033224949809,75.87262413464177,0
54.36228664140072,57.258460028047466,52.20102772463081,74.8417774052063,67.94372146356753,0
53.251005889793305,61.88388858871575,58.842878771204944,60.22420570623141,70.828325705181,0
49.50412068110309,57.59765407151813,53.85698136401313,45.87756506024449,62.71828099030184,0
59.23318498023833,64.35100322899235,56.94434216932936,61.70223403980424,87.48137069120835,0
44.64957616836924,57.41272764769456,48.113851661106,72.30778985613925,80.40061819902576,1
42.372374145376305,62.639702757315305,55.511256697803404,69.30103922359903,62.60228836027033,0
46.540459650593775,59.795160304205154,37.05318417459566,68.4254899824846,56.653893930897674,0
49.77206991822251,67.88235175540518,53.87862305102809,62.760053585004165,66.14327369022152,0
51.21669724661346,59.640243934880594,45.21716053770916,54.76775411024171,74.34502646091306,0
48.79381971071835,47.58877272255183,62.2359670992809,69.12235457299573,72.40205843946222,0
51.76027698257148,68.83345050499794,59.66444411658707,58.325745519723,82.53132824768244,0
43.74230287904778,53.65987389396167,57.80002589179649,82.47277386704366,77.89919722180852,0
57.2188230203663,55.42363562945826,64.12603736295628,69.56405766683613,79.69569025752907,0
49.58924410803716,55.830370941695556,49.30650087505098,60.35481357956839,73.26855400610437,0
55.58647915794064,69.62106665219572,65.48417918749335,60.108918020890975,56.1070126978901,0
51.71362673188852,45.050280502149135,60.593149385562306,64.2564463470913,68.04301468853099,0
52.28376609576892,81.96423973561996,53.580668276686325,63.083984623826005,80.60089739908665,0
52.84883640116102,67.39239766346236,61.813720883097666,73.93467020423964,69.48477071475354,1
52.23854280008658,61.56267239890412,48.36223892553019,66.49132935795237,75.03090368623747,0
53.21361379933772,59.615741995685994,50.05291503083396,59.146946088731774,66.81251684753867,0
56.64576265066216,61.9988785240036,51.348461660561796,80.12352548124626,59.70188151458155,0
50.98260584850735,63.64785699865537,51.826133751615906,65.39446665216178,68.76655935953889,1
53.54501878794256,64.5165091016504,48.660654143438485,71.15071740775117,73.09047443032654,1
49.55132152856387,63.88923126202414,62.33849840257195,60.134187940441926,63.44312280538556,0
57.200586077247365,60.62706476878674,53.44687359778101,67.90492502195619,67.64288755143332,0
46.61803848970365,58.61863105784872,57.11502981014128,67.48887992914557,60.605367580140175,1
59.004702164554075,58.94108701442542,51.577891801517914,49.882805663230776,81.19244917564096,0
49.79921024677828,58.635642037531234,44.0763801967089,81.12220088368512,67.05544242411966,0
42.84612448940976,67.93639067806946,56.62034415034853,75.32515568738037,84.52755545126183,0
50.64052207455395,64.15489705596603,43.52647014748134,61.8224374708321,85.28747850540908,0
46.5947417126256,39.41727955735004,54.58819572348719,56.181842076353156,69.18954035278256,1
54.20321774494362,64.59130543570832,46.79010976700314,67.78049291042842,59.915512674526504,1
46.73688010348805,61.36315336303142,66.92365599538485,65.69358159531517,49.14102122266662,0
47.7690828339261,59.86903870487872,60.46817633304833,67.84535158850584,55.279629269732084,0
40.552296345272346,57.2803708283778,55.634522747628885,66.53261916955272,56.2616517510134,0
47.73846840375462,67.8687890399021,62.58224006592801,69.04992791444741,83.78469627461504,0
37.88060336685522,66.63268523486,49.922104135205586,76.57844559513445,71.15824587226946,1
42.08048588257138,54.589856325234734,58.26087627202056,69.54482564102916,73.89604524091988,1
53.80207328072149,62.849366009871744,56.19886260231228,56.60275600872047,47.795789910648736,0
53.92900079325416,53.198402858211,56.58412048800202,75.90050282169962,58.020335707827385,0
52.12728780892483,50.342672846477484,62.634121000640604,78.1249165079063,78.87079776446286,0
45.165119284353935,55.61297942787024,59.394952616678815,90.21645387609668,72.86774112382587,0
49.7614432192901,66.03675430667931,56.73234197695014,56.01204773408322,68.52794721314403,1
49.98198730454716,66.67187531763261,45.07067538263023,66.9430561052022,75.64842358600123,0
44.20817655403729,63.59159794068105,49.23972222832322,48.3432103744881,86.35797806135815,0
57.51699150883575,65.07567050793598,54.26374639842565,69.42519325103368,67.7895753646295,0
54.386811452878355,63.61324800980471,55.560234245659906,60.61439761466582,70.69369802658069,0
48.89517913085168,55.509628833439336,48.21877765195646,80.38756635859963,71.92596918731306,0
50.134429194972654,63.02345781271758,69.47006005347052,58.80308023985135,93.92109635273992,0
51.04191403973776,65.60286667659378,64.09836433152144,51.48653569626191,49.006437355809744,0
39.791325657878545,65.28003930869502,58.6127099223549,61.229890074379846,76.83223014788808,0
48.764113087397014,68.3223936003225,55.432221167702465,49.1960978302629,68.85197751240936,0
46.59007876001101,64.95812693040745,53.72674618059309,71.00879563605848,75.6677172618418,0
44.99189995052542,62.46013745279108,49.288489239866585,48.47933562994943,63.42627446005275,0
48.594498535570224,67.491051668215,55.464883111113174,65.22766064946526,69.5103496914155,0
58.988432634247616,59.81435118525658,56.54651524085651,48.377505441150426,77.11410579465495,0
53.20421430633505,53.826877441405976,47.549436547110254,62.437617563706866,101.1291020104384,0
47.144105051086015,58.858531252393654,57.005058503469385,78.14702524643627,78.08036189402071,0
52.86291390678079,54.785681486354854,54.06844570705151,67.88518313148636,61.51934401969491,1
56.99677718293001,55.27375207517933,43.55315465273566,58.092051160280526,65.76240317977297,0
54.62316841456384,58.98836930499137,49.837689935322985,64.75037208848732,65.46585891616147,0
50.29815184960087,54.45306055300027,52.51836679947014,65.14413497635557,52.04356827369985,0
46.76531611147213,57.84426929252672,66.32612594404114,68.78104276674725,66.69909808298563,0
53.49111656806795,46.7446973313235,58.33931874720255,54.06513309375339,77.32829081821745,0
51.96742692710875,61.49305595161057,46.98711058540065,69.74053819077865,57.25767880923205,0
54.47596610013866,60.00843832753557,57.91621773650582,43.3648669471778,80.48482651050593,1
53.175859008409844,54.28037958252266,45.716176066369805,59.96092358108952,74.87774821084338,0
55.247763576596675,64.61471967902683,61.49614632332244,61.093809260387644,62.657666780289624,1
47.32382394219716,66.56299096338591,52.17325208909273,70.0666146085699,68.58470362662153,0
56.58697032817163,48.74708094941718,54.438182867564976,65.18104682141495,85.98321807641034,0
50.987998023462,54.6609265500365,62.95477988525314,53.75549556914971,77.33547813505866,0
60.37630436312632,54.616003551488916,47.2770185884945,57.12005499346388,70.08783654898147,0
46.55406090955216,53.420678292237945,46.61729088932205,66.58944007637926,67.62316683039016,0
58.67981901582625,65.80632389352223,51.49840404192397,64.36746126508355,70.7660907045166,0
50.98955391731324,58.64321702859038,61.2302731061159,60.36700712291403,64.88236442057696,0
46.74290998192776,58.14839611082572,45.88392354713895,61.15332968390417,48.95250494280985,0
47.580570829728394,45.97296344915273,38.00706641133659,70.56934397727431,90.42177910534731,0
48.3982634590284,64.44792621146459,52.29304684954601,60.858459417046284,71.55324999199401,0
52.12082973200958,51.32519123602569,58.31044479946552,64.29527004776742,73.98147265122537,0
52.6141774401775,60.4195284118643,62.20157049843297,82.35949270464434,69.42092250123092,1
47.131499980307105,61.94163856570734,52.22103182748761,53.61053890492862,62.64883199275412,1
49.87822703869509,69.52461017087056,52.531440357303985,50.185258147402735,68.1407551905123,1
60.71135179305932,50.83825720616622,61.923404405534484,71.26871731838885,54.006052378056886,0
58.637715850503554,38.863414909254224,43.78154980182748,59.570855509647174,92.77086498053305,0
52.18161834837016,61.28694681327586,52.66887534890194,62.45409977805904,57.654880015776044,1
50.190017390841,72.60357827057598,56.14254333955034,58.75074897495109,59.68033716152821,0
50.600156633591304,68.67262447057607,57.695312327710205,62.9215988738599,65.597407956136,1
53.06758986365208,61.46761590692238,51.9411598408547,77.78830489677073,82.88075724852378,1
44.886037174007974,56.55854670057567,55.206646070235045,71.41702766894495,70.14508999262654,1
48.71311731288328,65.64985817646118,40.07003587952207,71.89778809509582,57.63864203969538,0
41.65707963061205,53.18517660206872,51.05050952599691,53.67018355365884,82.54338360757339,0
51.9961156130264,63.33450438549353,57.721052275326805,55.790770107577046,77.31000626785482,1
53.2359796985137,63.53829111416639,49.10623579447192,42.287370724116585,75.38434957216452,0
47.58406768850313,67.42146935249215,55.35390532953758,58.52495343133797,77.1573424117084,0
57.869933816450164,79.31762027237754,57.68123500481619,72.65362549108526,93.9436190058245,0
43.8711716849883,62.74691177025137,52.94470479485341,69.13557212598697,91.85094895036113,1
42.6781255989509,56.43725462004751,56.022782625979424,63.22789389638301,63.13284656996704,0
51.12225909279986,59.82097981465604,49.22360460829233,64.82159773025558,86.23884992811152,0
55.23549151306077,47.61646866577617,53.76033232182372,59.48891565939675,73.83168189758901,0
58.419638457289345,55.137008082376596,58.66129701753533,66.63807105921427,74.99095816137749,0
47.7055786856553,57.13502293320827,55.941837765810604,71.12702623584492,53.07729168356671,1
55.393404167156476,56.33138121445785,51.480812382616385,52.07290570071622,68.29614234611805,0
49.80745765249647,61.066484104236054,56.34529842574476,67.39718150269879,61.87176409663435,0
49.1368635002959,54.2430604733246,59.287658743819705,72.45947896763734,78.28058814893309,1
54.41829968743336,67.8472146712713,42.70035232853513,61.679197688293044,80.71080500402805,0
53.261614392067095,60.00144945442738,61.954444389735386,70.60560489696466,49.255136489836886,0
42.11803921507875,59.9348977520297,52.98247156791357,87.51723555578042,69.7796513599573,0
57.38270174862948,57.70473698440958,57.55293959944138,64.16525765610487,81.21861504794252,0
56.90045677073726,61.08633478701285,62.183481541871366,68.1464564000426,68.13321037686555,0
46.87218649245235,65.77568785267344,46.76995781661721,59.095543330708864,77.29063645002364,1
51.979017667187044,53.9300884900237,50.74335398543472,66.4500093008164,73.51165467627084,1
52.47015093141369,55.3931845764732,53.268707824745775,68.68217299985844,73.41660231952626,1
51.303368829119535,57.87391779856335,50.29747887325343,66.55873872216111,67.28685021931703,1
47.2484742307729,50.578903535687495,65.40961945502085,56.84243744232914,57.834191958642904,0
46.641883160309746,54.26519498194951,49.859367437039246,66.6508941706036,58.784698525749725,0
49.87222964504277,56.66645388518739,51.6667193230788,76.69756750974109,77.09352514455317,0
55.86364509629682,66.1207242649891,56.22633418961786,68.58908611611622,70.19458255518883,0
52.71800077297216,61.837929303013475,47.787102843543465,72.69589751257473,68.61487755392776,0
48.14692833956947,61.35512937957281,52.62591572946242,63.10390423989898,65.76109957677647,0
53.85849355324172,65.95628573517581,56.904719567501054,70.99920191538969,66.94811154519249,1
35.75728689684962,59.03839748120422,53.00283757370493,67.23414270573221,80.46911794488139,0
55.74382850186052,62.73325394950223,54.43967884660031,57.392714162502145,66.64755918131974,0
41.301431106109504,59.27744772947253,51.82400732530977,67.548168038391,56.58935286698431,0
48.18779529298434,61.8575364457974,45.9131781449154,57.06642669247751,77.43651775540174,0
44.40165052686928,55.92068939671893,56.92955926803543,59.93695780092166,67.95123336135283,0
43.52659262139547,42.92827989206499,65.52959842988345,66.514626458339,70.31395865532777,0
55.8041339368926,59.06004586469587,55.11040978470063,67.377954187041,86.0757830639951,0
47.661493993440544,69.95923695269958,56.351584703485294,55.486140279382965,69.79439442649493,0
51.73251940865358,66.48350781569114,59.156336530701154,73.43188616946301,72.89183673118725,0
49.76539710560408,66.7577823921382,47.3840170207198,69.57605022640378,58.210765087016746,0
52.385204136115604,68.65291505264352,65.21508794877764,59.36217251511293,67.8033054764904,0
50.38410945530128,60.62060313673006,56.213972778536814,52.699321628406594,76.09526045208601,1
43.58503887905715,61.38120995183917,64.79114139453465,63.84076336734855,54.446262661587575,0
54.9813340972357,55.67643673195955,50.60180202685606,61.43245028911072,72.0084509311571,0
47.531217084193436,57.78749000781065,65.90837153534694,65.90512365642418,71.00791072644806,0
42.21709050670125,64.31039804839799,59.6509329642087,62.09506671075547,70.4128745558744,0
47.85942419517044,68.42719106018171,58.31824051511415,48.94034511403992,80.37158898658242,0
57.503798953171554,59.023876070233,56.40414672611889,61.893224493590736,73.34438514848522,0
54.251108710567465,56.84867514604012,53.50882829155331,62.5550471114535,84.78071898356444,0
48.2567393279607,60.00369571199618,62.20318995084324,70.06928819819247,60.06410484405964,0
48.25371147840786,64.20844724250381,55.84215921908828,59.414402603111604,71.35924567218348,0
48.391824743913084,49.89301628706521,43.19758177847709,78.42939738698053,70.84466786389947,0
60.383739917804206,43.92673332803933,48.296881229757986,49.70687559478594,59.3074550624492,0
51.90967726115777,56.146242053558915,53.884925486843514,75.489339982421,79.56295002091346,0
52.15020823595535,51.45501301860089,56.85999389899333,63.205448232975165,93.24673305852818,1
55.151417270159214,56.44301861646883,54.660469066600626,71.87667897874844,69.82993925516169,0
51.19394579513257,58.9655377682777,62.31382473876198,65.63841187246986,75.05021088273767,0
48.704789270896484,56.82726113683891,43.29338881576825,74.11644428820375,70.84518475815327,0
49.01825075457511,70.16727274129522,55.86152761903096,61.90110428357751,62.864153300928244,0
49.64199370292968,62.28721335221624,44.09212464767707,56.2110365985775,51.79239722197984,0
49.813888817450795,62.1033205172758,59.55827377290501,76.3640342981685,62.94226516904635,0
53.6381477181849,64.35545000830382,54.43324771334798,64.09215483294287,56.08041619048269,0
50.2597294290365,52.02816817553462,57.51765983214471,66.77246778899368,87.04102078059118,1
53.6632003860779,67.27378251194187,49.8167022364614,74.87801531235836,68.84890306076761,1
49.596417099457085,59.46964999425178,62.67678958994651,56.74435806324452,66.5408067095283,0
50.39317595158045,64.69336432068849,61.250347984353105,69.76392718111406,78.89153824787806,0
40.00899657733946,52.49699936871891,58.501265818071325,60.280841948296874,58.78248897144112,0
54.581638373512405,49.123688637887554,54.222896518819354,63.942645154845025,62.331359619954476,0
51.73244237948996,65.7252276061752,58.479143711770796,65.57823172307431,70.68072269248621,0
54.99005054929826,62.63486668268261,50.75864459207591,52.99822510842451,80.2876899142348,0
35.518723109031555,53.685639119497424,60.133333954124275,58.769303657436524,75.01685045168789,0
60.44187352390364,53.91235843107714,64.89688536594352,75.80858313930511,72.48325142515883,0
49.30205185922413,67.87804349090338,61.42366335987512,72.08952950867837,70.78117735236016,0
55.54091408368758,51.67411674992871,50.62238518115554,64.49888338138211,74.00235855526775,1
44.800470364372345,71.49871067279174,57.168503903638616,66.94498766810314,72.01652905129255,0
53.063869525312846,53.695654857464916,47.241150737448116,62.64605995490834,59.70027725223064,0
44.732922184131716,64.46874347925868,58.43434186705405,75.85266708662385,70.46079221633151,0
46.88115519652097,57.69967066975711,57.703620477175235,63.39717937764669,59.26311341082247,0
59.570156769333934,64.2223120175764,43.781101962807014,66.85473673707878,70.81082542900823,0
49.04658799618327,56.19120198520065,48.02929693652582,74.16824115313652,65.19352058511758,0
51.087164365898616,58.86044965749394,53.3011666195374,58.78102812123275,95.39381622782861,0
54.35033865344377,60.286434227770044,53.19484151715504,77.47031347597515,69.60105616248288,0
52.47840943986302,52.98468780952969,47.743138387487164,52.756308722052985,55.95760433738411,0
50.75209452571788,65.18577041794089,57.3338723761131,78.0371370489024,68.65819789323075,0
51.824805012331126,56.4075050346989,56.508841653643074,62.0185953283842,75.19358745637888,0
62.01707792619138,58.39980059261987,53.834385208128886,63.05841001739775,86.73363946152523,1
49.711906014832074,53.039554377740416,50.46525099904982,49.87991863053646,64.10547600061281,0
51.005495233574834,42.06366438843283,61.292242758499384,61.361642260978456,54.1757202597636,0
55.25327198003806,58.662805661798814,64.93244267852977,56.681547751784926,78.16837011430981,0
55.52762966478992,76.88830795129041,52.098631096920776,60.13882923701222,56.19401294100349,0
55.9351515278019,65.49223001528617,51.326998497071074,63.901512273688965,65.63844558492515,0
53.19365111014592,59.86517734185924,57.94724599247198,72.66233291578324,67.42379514489006,0
44.28497543634758,58.159764195542124,52.85182372151808,66.66082681120501,69.30366546699892,0
58.16715766150548,60.157261249684325,54.1636167960206,67.46141322720891,76.89164457074335,0
44.26827303490656,63.82983380622647,59.43791891034803,56.2358448892355,63.16365717713612,0
51.51317732619517,51.73431029283809,43.54386347495624,57.95396728317816,67.26270747833239,0
46.22862074990321,67.8002518626821,62.909813949116014,79.3898001468105,69.85729647050611,0
49.67930826703504,65.00766920808871,55.43608314597605,59.11839172189403,71.49597957518787,0
51.6438120515174,65.02730007995554,52.53104113262692,78.24966601645836,70.97827174707923,0
51.606786077251364,63.06933017166809,54.46459507467131,63.05551040895307,74.3600577522258,0
52.109603771176424,60.13731660385793,54.774576130123116,65.01830348914804,78.43839509641737,1
58.06855634529323,64.71002865176774,44.61279217933045,73.56292128183944,73.92634115650968,0
52.2676715075699,64.14269893618965,63.96962936471942,75.17513937550925,74.53585523509219,0
48.779216823546754,57.52171502341283,55.24795379362371,64.1134995177673,54.17776833253522,0
54.820435841441785,55.98478758972169,57.65801278268425,61.89405557182769,70.5022769916568,0
55.947352444623206,60.71299406683391,60.709298623444255,64.55263641182229,74.79507548001608,0
43.861960924315035,70.84314106046631,48.8730252546382,67.70366022585695,77.2894119457045,0
52.98700034924929,51.32625047042269,57.84083139421137,72.13042949495804,63.07649225766206,1
53.50586371155449,49.72732313973292,53.39415345460724,65.03383887195321,63.40960725111355,0
48.51218248320004,61.153325888655615,60.08062465129896,69.95109038418524,64.25899324716401,0
56.878534066558096,60.356213912992125,42.23663547789103,78.10687785816752,75.36413899891343,0
49.249722064837364,61.213391650592854,54.405434198552385,68.05047689811828,80.33881054924208,0
50.62788226735771,61.7076723853595,51.38307606529623,67.49322284803823,65.92539892708399,0
49.134640878580655,58.43758421755636,57.59357770380493,52.84871339927946,79.07962313627048,1
50.077895237907335,70.42904407021457,57.820265124209214,43.95415890536749,71.23479809164594,0
44.51862456552399,48.79367215066439,50.75424463106784,68.10700583384134,68.75714222837564,1
42.799745587028525,54.20052082653828,50.72695681494374,64.24140614975302,67.88615770182031,1
57.97252531612486,59.27721667895667,54.336007788656026,60.88173860068206,77.46611364602157,0
45.76519325840836,48.49767832192083,49.62014663610875,66.94824163349075,73.2557781678707,0
45.04303825271846,58.769019168975504,60.05190217271276,64.51677016642473,92.75825427647638,0
39.23304943198143,71.63029116009614,52.784756797315325,74.02224200507119,61.477753570026756,0
46.80519126155249,60.14620541807173,37.55807068407015,65.68888694607182,75.18101702029976,0
43.384551032962506,61.614906340030785,52.751067660269165,59.02461371943866,64.70798990188487,0
58.21007580068185,51.17884664379194,48.76873707493617,72.9213299116743,61.30713013011356,0
55.04908544671317,55.685470143723656,45.21234510723433,63.26295140043038,69.89132862965027,0
46.55924827411138,57.37362533773244,47.575440170664564,69.21229346937845,71.37352479407036,1
61.26217902672154,57.77599432270636,55.65645083099782,61.1807143504576,99.18173555060093,0
54.90882743495797,68.97150656502637,62.97184496948939,59.80138491602051,68.15854184316798,1
48.37584308245689,63.90383742507587,56.87910684318988,65.67334584148557,58.69821270515317,0
37.50297142563213,52.21979430144078,51.36097967070556,65.10262914834948,72.73010717494385,0
61.45471286295371,61.725533449024034,57.73542517102422,68.83861628293467,49.25359962453632,0
43.05213766618202,63.487552239477495,52.24545813868605,62.85083397352206,69.08043217395735,0
41.77300626521554,67.98104326964886,50.83239778502113,50.30912172983682,70.1602528229516,1
55.1128521600482,71.06378480597861,48.073823990602094,61.53780893129289,77.94600382945211,0
62.19876203169636,52.89434065720492,44.48902715948969,71.35054773715052,79.73622249427846,1
56.921364092552594,54.323997421527636,52.660457760643325,62.62099136605515,64.96430381092283,0
52.8195456002618,51.196954987597685,55.94832093952079,63.02893277988362,68.49385985370067,0
52.97377170832643,58.36186098625113,54.42025797991066,72.8910120472475,62.33879169389329,0
54.267077793901535,63.26450862112434,52.504198432315846,59.304214181928614,58.71937445192306,1
53.79464294893383,66.9113416161237,49.325523635819316,52.657574254056804,73.09894779380635,1
51.40595711984688,59.46834283450234,58.64947715010981,63.71495104379605,57.26414451403401,0
50.52100551975938,57.76106733721609,47.09720848032049,61.126608390010105,65.85373099428136,0
49.68703436050239,61.06230594574118,59.656167483060855,57.27002944197397,60.048260401007624,0
46.230177055666616,54.15399968858984,48.98669788643965,63.596972352810475,75.4968318629026,0
48.59662461566613,74.62677105186341,50.48538857588179,68.93204517797427,88.01430099266489,1
41.535215929023074,48.74637281017359,46.19928885630594,64.92569150745747,56.98412017196669,1
49.50830186602625,61.29318405227007,51.99158711868618,67.4558485814899,51.46981517102431,0
45.057044464245415,74.16524353460747,60.85187475086787,79.50726158812338,68.75113114649933,0
44.48205341392114,60.047598911919984,58.09376853066374,62.25696910753949,70.15697795957759,0
50.89947075576739,58.66972675498954,60.87053267216821,67.22678907715736,72.18659306757297,0
56.960011431723,57.49788204032701,58.13285527560362,60.92629309920692,65.53679484765655,1
54.59158303001156,58.73725822766315,48.377981028817786,58.22912224090422,67.99360701174568,0
42.14749698188412,69.60993932273571,53.01526465403465,60.32073877265784,73.67510410540602,1
45.05185931714831,44.51696662069345,50.31880522529522,61.16993142782649,80.4043089264484,0
54.70385593994108,70.73403590907428,62.98344942423424,67.875806380377,50.449512296817176,1
45.08756303230845,50.032299932848986,47.81926812144213,83.79260629360606,66.31060560968538,0
48.87683425001488,58.133433695359095,60.362186136334664,59.27165250979328,72.13808793941064,0
52.75026049512276,56.99528905790937,60.357723220652616,61.6669975550763,60.82023895389264,1
45.15827772568183,64.11987288839504,65.97772121029652,64.49501589511001,87.311696317673,0
50.5268775307298,48.81312953681377,52.54188044422302,68.16639078967798,63.64590119771263,0
43.32987252540898,63.2352086625736,59.27393295748097,67.10840649563828,69.58707312992718,1
46.99316178024393,74.17016736300796,68.68991101923305,75.27276635158493,75.56022096842291,1
51.598909670712686,50.45778196785032,51.29414993839782,45.58886343571834,64.08715211198106,0
42.03503133234165,61.32794317327277,45.78975851480584,45.90456103843462,51.53426952195583,0
52.202373689801995,55.36612475542374,43.71993979655342,61.032974623918804,65.71345473083467,0
49.901811005366596,62.98121044335125,59.27627217316799,73.77840150034967,80.2944055592704,0
52.76244977208574,60.134034441910266,43.7010987516485,52.47481574715523,66.63104873214861,0
51.119570670323306,55.509591636689834,52.76608568237246,40.938941282449946,61.53565698541021,0
56.82070214986922,63.415105994097516,57.62387912223377,69.56943524975367,79.25672209502721,0
50.62612251323954,72.6304367685072,56.111053220979485,66.94925778962171,66.69225103976947,0
47.852972294373735,58.66367345790891,57.55266918510503,56.27833274560456,64.89839186349782,0
50.61148751516142,65.03830559503727,56.33373913480512,57.11568319423256,71.49456089663309,0
52.716490145181936,50.94708929490186,62.673194879880356,57.2420502429226,77.70750209618788,0
50.244300351628524,53.30494536227394,49.28610171556722,65.88428253979153,93.81713531732547,0
50.20295845601941,63.30684394516264,50.938029169248814,59.98947779053594,78.27236107657423,0
46.490041560966226,70.38881219975175,50.364043328375054,68.95251135180416,81.59839966388344,0
46.68549541224526,62.48929344149962,59.98115087117566,42.162986696764875,64.94033801012145,1
42.98697364100153,57.80859378633792,60.40239153037038,58.145185078977605,59.741318940305234,0
58.7478837159347,59.99503983796348,57.70735191591105,55.9915683127116,70.62331349619123,0
43.780683823043574,51.24714586221198,62.10096200133957,62.94927457302006,71.07169915259597,0
46.53547401102046,64.23160728448757,47.93175479574172,60.69561793207889,59.214872586354026,0
46.40796367215401,66.17633143626387,65.00334466930683,71.38275023916613,68.24705470095986,0
54.474621884722204,56.83536767016844,64.13943173027354,50.12530582671954,73.9931760171913,0
48.52525160853986,56.70970496568349,59.41373198347448,65.36393181064602,73.6039339501808,0
56.23871036336867,61.86114760756434,65.69079345262637,69.46669138569365,75.04287853384272,0
46.63254687878066,56.94296184771583,45.060260753933356,79.85317949249564,72.90964730137443,0
51.39497081111901,59.53707169761924,51.853311182424086,61.1458722312522,64.92991340729944,1
45.823264733701215,74.6980525241656,50.588179235908285,67.59566883482013,64.86099373351156,0
60.72574563886694,58.270820094778024,59.32887594254406,50.56909765950108,58.010486020061236,0
44.062007904852436,57.49161893585144,48.699155562387126,45.86435036549581,87.84775039185095,0
51.54910355113514,55.467207360553886,59.544970896024914,71.7581950062536,70.13450364619293,1
53.168884404660496,65.20934380049955,63.223216863980284,64.95551765081544,67.75146944205149,0
52.06899548725749,58.73143078747328,59.171217400504,74.42810151838738,60.71207918547541,0
49.07356170561146,55.454388731750015,56.70250614196901,54.01277688824201,99.35657902327779,1
49.35089650133287,69.24912822591108,49.072759954595504,69.15921711623002,59.26671967777104,1
50.21905735989555,69.93722103159546,49.91889420324781,79.95054272435083,65.71152074393926,1
49.264989991857554,55.79703503982906,62.49771343178,68.35764486685812,74.1583683628606,0
54.81939558397455,46.93422034047569,59.67609402343199,67.21265204472839,76.00212965744278,0
61.05261500795676,67.05259582885846,54.76588288373473,65.0684486465948,79.57932055215684,0
47.21254107496083,55.20759121967997,52.492542725404654,52.4329483429927,88.07608507769262,0
43.15098510210461,65.53437919413938,42.84515276133174,75.84458348568279,75.06157655460713,0
49.55858975824373,46.20927327601715,48.57488548789337,60.11313888155947,59.439692000333324,0
62.898546688271594,66.24818136809516,66.46851452283835,69.03586605106413,67.43054874878219,1
45.98162716015135,51.52179649503453,47.3172665739852,52.49572554742997,73.07832372513884,0
58.195584027220335,65.11534883346567,56.136878927326485,55.56432268393776,90.68226041505824,0
58.388504070382204,60.09991147485504,61.04466383917119,76.48069919377788,56.02194521575703,0
47.23205879146003,53.32242406422348,47.47046399198624,62.22158168833726,82.02576505225227,0
52.84491539592638,57.150745809512536,56.1082628486865,76.62620380834036,71.79914369546417,0
58.14198311564269,64.8042291986969,60.62749322506393,64.37415472753186,78.3783053522948,0
48.10436129506257,60.74126117180664,55.0749959314435,50.26481781633714,68.98005283364068,0
48.98209819948819,64.0908908633074,72.21041833400061,72.13654079785377,61.575673698736736,0
47.09159543025678,73.8350840916084,44.988404446730826,60.28086145795514,77.50872779401332,0
44.92621634653567,49.05030871802264,61.352371179303276,70.58951050813634,76.54431027105622,0
46.75361227466996,71.32048802478036,53.963189575621215,65.20168694032066,79.72056965739722,1
43.880298666188715,60.73049156266249,59.63152092902005,52.655054176457035,69.86695364621364,0
50.17041734129613,53.7085116617381,57.64784291019548,66.31435812296455,64.0017797668015,0
46.150133844706794,50.68780461982707,50.60106281734002,82.5697851372224,54.412130049761586,1
51.168929558953735,58.676157264560764,56.37397835475604,68.94389166811567,78.19373268139407,0
42.22052176898186,66.45155078347122,43.85259129161028,64.5398579759563,74.23889482443985,1
51.654401161072286,59.10715615735726,58.619485003428366,73.60274721565519,60.342173671360406,0
54.16764480804462,70.57808451173143,56.78895079594315,66.6853477216249,64.61426326703376,1
40.03132178714272,49.84177016963909,58.83196101185862,66.67627384210236,65.3324118804856,0
51.87028284923786,59.91537736507762,61.3487099505229,56.26699862272718,55.17015568017582,1
56.13834496236646,51.23324588910817,57.20571904125826,66.87078420631678,61.82317603394866,0
43.951794906543974,62.545423178374776,55.88853651878966,73.28354733133555,58.66169643193646,1
58.362861934188516,66.2082117306811,49.713589980032246,58.3115027831998,65.87520988112064,0
52.095095046830224,57.05466744423263,50.72667541810569,76.39596656997558,62.61302501670437,0
46.47494072120796,41.77050300361006,62.120407721063984,64.266351806839,53.72995079133251,1
49.72115461171147,61.39263702757546,63.61801243423587,57.89784390769167,90.22590230569482,0
52.791634562608614,63.057169862134565,53.57133738212767,72.98105661536195,82.52540731029231,0
50.38002695706206,62.830063284731885,55.27601648351965,62.705646114093845,62.209805784800146,0
52.693779962231844,68.65047534275507,49.5723137500374,71.07611909988886,72.7242139665361,0
45.39663203460317,52.50262424245666,62.03654107160467,62.665930941931705,74.17465089821295,0
50.84680412018039,64.76151273815314,58.99250094215067,64.52139085176077,81.91085854773476,0
42.9314275154751,68.34755258734583,66.6473046187825,68.94848163467434,61.81394973339921,1
49.443869693256495,47.54988691195438,49.73006153692157,67.32717646072005,80.92106783982426,0
45.48046179267605,62.23756278143284,52.7319526058907,49.03574575638609,64.52094695793065,0
46.322350287051165,56.4707411829463,56.38867553515343,56.030050079244866,56.641375958313866,1
56.18046587605219,59.42934128828848,58.87893722635462,72.43527987832653,77.24136559314498,1
55.45655060297135,62.433735384768354,53.705994174714206,63.94290728878762,82.90758424122428,0
53.045690604535885,56.58940005120513,49.7622334572778,60.810149577828625,95.87908973530685,0
44.538436176637106,55.270043445868716,60.288445173541426,54.131407877940205,58.002747349097866,0
48.41795775152599,60.23906692241617,59.32681217527349,56.362109429793215,76.98919685080789,0
56.06548849989592,52.389278427960384,49.50235539661765,48.825610880304424,65.90198756206468,0
50.70858456819953,52.3992240978037,63.13265680663297,64.18975425038774,77.83358710524031,0
61.59664769990847,64.75561298069552,62.02119225517962,60.212499355351625,55.295104487687496,0
51.96658919697186,51.9584417538894,55.80577898348676,57.26729687211748,57.37230224301436,0
50.960245582450156,64.66418750636448,55.47758717425622,64.45501259865638,62.24125176833516,1
48.4544176789875,63.23813904997766,58.324346626695444,67.9117650468219,70.78964045668084,1
50.66770452391141,47.919352898465824,49.82978157846245,81.74558345767956,63.58918733461645,0
49.23765081809728,55.25704743365041,55.180188874984495,52.90493264349429,76.5905434391342,0
53.54054338344295,68.3587658213316,42.085698732344916,74.27504834640418,80.26894618257914,0
54.783511583972924,53.13184128202223,60.25873387301761,72.78481248812058,75.99577541245355,1
46.070052697460255,56.749170163834286,45.63104066534884,58.767258084986395,86.18787639660869,0
43.343835232211106,63.23442625276328,64.02051897057399,66.62588763668825,74.15826629455343,0
40.818973134483514,65.48373356497817,53.0192794362013,61.33893400529908,57.83103289659833,1
52.53995663456272,58.23922779768853,53.729998108412936,66.48550864334992,83.6337651353834,1
44.483166969130636,55.81742863715851,51.233596563492966,77.0730481072364,63.948437643940025,1
39.23554703523759,69.95658903188955,53.27176675646754,69.8448498610505,79.10418499685571,0
51.94289302265482,72.17229764658305,63.511188070888224,69.06886698586753,85.73734216555107,0
62.46499758716395,66.85200635547257,40.07314806078952,61.55752544036286,74.56688010730399,0
49.96964544230053,60.59722699795517,62.66179231652913,53.12754668060532,55.038411868353506,1
54.19245387225821,54.34213994851351,57.028140886610245,63.332254315676735,60.81787833490208,1
50.40914679273782,54.186889154104044,47.75787011285671,74.65286523891132,83.22744466885135,0
49.50555173404429,63.6575987368603,48.54812564170457,52.78265714728282,68.30877314357184,0
54.59538241493884,62.92878754622079,65.05835816324922,56.55928505458644,70.79573534942166,0
48.548627279056745,69.81119015062501,49.32695872034361,66.01014188987254,77.5882441616361,1
51.33696157035951,64.55315064775297,48.07989693642424,57.1227617212219,76.96322862080324,1
51.60848903098007,49.478437887681274,61.82388725418838,58.6598124230783,72.7879981238546,0
46.659547731784755,67.36363332406043,57.031317257715486,61.611211346174585,67.91331628779534,0
54.960211747682614,53.01357560879911,49.37244654078161,54.075060766478806,66.87331554267642,0
49.12520121652296,57.31220109633354,56.299749852427716,57.20702523026905,78.57898825291343,1
46.221274202535774,61.751401443761864,48.845483898158335,70.62742333429847,75.53569531067794,1
52.68254921785202,73.96967242848775,61.60492839053563,54.54104174215229,67.42699999382211,1
45.50766009104481,81.76942989203752,61.3682257892388,52.2170229240413,80.82112312993141,0
50.14090578684564,64.24706141395328,58.19203719293166,59.95980016372884,68.70965884870216,0
49.954405016778985,58.71762366895729,57.1699663674821,70.85564402007877,61.48337825665607,0
55.42947782915789,63.74153953936385,65.56712874920424,63.424625536024884,62.410293010966555,0
52.373491164399766,66.21358798111686,54.99811796432935,61.28335137507506,60.21259163690234,1
49.87486520627428,57.755326621099655,47.90875524747519,65.35487038012485,67.27589983396312,1
54.08883149600143,72.56647949138626,57.69684347699384,51.03434053712279,82.33724278336193,1
56.951037745086566,61.610495314339815,67.51628229722269,68.95764523020026,61.94904818969491,1
52.78905153175931,63.48420162363976,48.91144304088489,68.06748025122916,71.88475761018103,0
50.051763099216906,64.66146976438122,52.831223399836084,61.72553220723423,63.43310654372587,0
43.4408188382492,62.95110627430119,57.498676228608716,73.04739609437134,67.39690958728562,1
44.67443168462314,65.87258350328729,54.67657090596556,55.98003120837569,54.89958788014748,1
48.473876478226664,55.67922769417154,49.10617851773611,74.02327194602856,67.79461770843463,0
46.952438989203586,56.091887722377784,61.73114713738283,66.235949324762,68.06294620195038,0
49.06514348507277,52.298920369198136,68.92024433210355,62.307579280974615,75.40287944035695,0
50.283249624485535,63.076508614341584,56.176788754143445,64.84101091705351,72.23280913255371,1
52.64846377178365,65.4525555245848,49.575590261584,64.14188187351246,58.01607875047955,0
49.647506109704544,63.2044100630632,45.70623684967915,74.76226317134174,80.84198244043543,0
52.43250821913101,71.72144703343275,56.54785588732709,56.38656698023189,72.10303040221996,0
50.3223720740506,59.960827868196674,61.623264059897544,58.89984608682721,71.98393517177486,0
40.12266716823064,64.68119158914759,57.85100647897229,73.29042313657983,69.90817646614862,0
45.30332303090623,52.3580938670248,54.98557695448687,60.23572051852913,64.8224255277778,0
49.27956222139192,57.29030208267919,51.464370089264165,72.20426461865273,72.17802339748727,0
43.951526285794465,64.86876430296044,48.447018203691464,78.59548786406968,74.75588435928583,0
52.999643649981024,65.94371477520201,60.00850795794929,61.78563978446693,52.53104308654445,0
57.65375416171849,57.942231366350725,60.48262972831351,70.45089861260244,64.61239162653905,0
56.09380925848659,59.49880523699353,45.7256212798556,55.77046174928113,67.4505302959641,1
48.93278564534896,49.37488377323433,64.53903386908411,71.03786638454247,72.56170605694278,0
57.45363068424976,57.50079559435373,58.44442732536401,66.59539188789414,81.93311005927126,0
50.74333728601056,66.2326821446385,63.39756787087476,68.78430625728173,62.28259185403218,1
48.31457014440981,64.02643511274596,46.94723350908931,59.83542342371684,65.02038153182158,0
46.9329866822953,63.504660049668466,46.80505506750737,51.71133267546262,64.8746588935345,0
48.48765156755936,60.34841581026672,54.10618414139622,69.02601651799604,61.98472409895459,0
48.05911590729386,60.04944211039724,58.016706561371166,48.49277478016437,66.52813504887737,0
50.85208111187744,55.37775202368587,65.77816493756178,62.46119606205972,77.70802219987971,0
50.802869905249324,64.89179894141775,59.23647348289079,72.52945493135975,59.461645046356544,0
50.01523010076707,62.94681061072573,53.5439123391278,66.53518188698429,74.27814395152903,0
52.18469084873175,63.44413193594959,48.84178475400465,80.5867411583185,52.98097769981665,0
55.95323137393171,56.317756101326935,62.3800034363149,73.20087322065419,64.38662003557793,0
54.74777067720662,44.92659956090129,49.21176744549571,59.76881289339539,66.70510699782014,0
42.575510157750486,67.68006898227587,64.77081132863393,65.21850703881151,86.74859672914064,0
37.230394325490224,56.64813780794117,53.29369210236094,64.62103437964451,67.25197695247311,0
54.67159955619637,53.96056965169816,64.5434924357071,52.34258589323098,47.987565265490815,0
43.165606507922895,64.85435238339795,59.07358774035567,57.47680866812517,50.011110931387506,1
48.87617299053658,57.255911520566094,54.17802706334525,60.51391274416112,70.3402958634668,0
44.1494348697032,67.41955468832636,51.88362176904324,48.71023597715251,76.13770855789909,0
40.990097812099904,64.31904164703688,52.95455273592352,65.37994774601314,73.75455857627253,0
52.70731364102394,64.78498526240334,57.56990015425143,63.007425242775675,71.6757010580099,0
53.79577580151324,50.43831002159626,55.4629389773063,51.61684878950741,81.62259597505667,0
47.1174479963664,68.4836078977048,51.43713155158777,68.23370292221865,64.60408779262869,1
37.04478853927545,61.82875371863699,54.006211538094206,70.72698195752767,78.94910556026825,1
47.268777758737585,57.41506002527658,55.4714621783149,66.81627583091911,53.679851149735825,0
51.959020027012734,61.00371927139576,42.22759543351113,62.407454598328236,60.95052167061934,1
42.60544215612936,47.56635336971176,57.74900868873219,69.73153721401484,51.929586050681834,0
50.91679959889578,62.8605696803647,49.12167265169916,70.44176288381352,67.25154699330207,0
49.923450754135025,52.7943994427255,48.08000558076553,67.45922855775751,69.53738782733657,0
52.89645749800544,50.53130799909526,44.875933917335736,58.40310199652191,71.1410149222652,1
50.59790184207077,49.34348569647476,44.23664501279266,67.21280612408944,70.61883352887135,0
45.134655295592225,67.78881862492948,46.86731498132627,74.56384520660383,60.72446669188272,0
55.982857508322454,55.59515624415048,50.74587425421706,60.226967531106155,68.09759155586784,0
49.20735213486515,70.73609396941549,66.7195548251594,81.78351471305945,55.02553331394252,0
49.86347730245034,56.24938975863392,51.84472194462877,60.79495252811692,83.6322897513225,0
45.33366020463402,48.04849429684937,56.066500637608186,65.2592561067211,66.96373927101999,0
47.78358874404245,52.184328920359384,57.40288831903797,59.62011523194931,65.11113880956309,0
45.575986429865495,68.65068134004858,55.78639111729509,66.78616668736208,85.88940328444083,0
49.135269700382885,58.90871275444333,54.53533923564404,51.0622264589178,57.57753466450771,0
58.558542400711715,56.16198892456579,47.828237418404534,60.63166560946623,58.74412885968031,0
43.140494285343216,61.120127580969516,63.70556528967527,56.263030397211466,59.037796751314346,0
41.932193010616295,63.51247915317281,65.84317986182731,66.08270678313832,69.32128618300518,0
57.35585163746804,67.82179171131723,44.90404783526388,72.95557900407125,74.31631629637597,1
48.95338161424067,70.13949460925048,48.85582845468172,70.16804949691641,77.39675468117834,0
46.65463630670042,57.4816194794764,53.321137945737966,46.02672511312886,95.7199531749497,0
55.199523436980385,50.71766619742573,49.21277323053885,81.33655722342304,47.50567545799236,0
46.97192230131568,57.10574387213707,58.035793320735195,67.36223952496695,76.08735589124417,0
59.13004856773468,61.821963546080205,50.63036678556032,58.788006876055995,64.42869427427769,0
53.38962935669635,53.25368751652572,67.99033640683962,66.25702335192753,64.13584851111227,0
47.560442959271484,53.2999435957347,62.14329156606158,66.40951858002154,63.80227871746122,0
60.786541066327516,62.4065151708492,56.27544418379329,59.66521026438749,60.91230329192027,0
46.971425384983306,59.65943353900684,61.161917579918395,66.58333333873661,86.84524834603451,0
53.71047686004653,60.2295789678811,61.63540254614385,60.14022169903754,78.42297327013902,0
51.49646290203246,54.69053265709951,51.61631507165054,61.76510405847982,70.23195978557375,0
56.50870644699399,58.38719500055963,50.10269653274821,59.509766913959325,83.51015752487001,0
57.807555983634266,53.53036799012187,55.46885837781789,53.53862968208278,54.874710347011245,0
50.160020745328836,66.23138887787351,60.169816746987664,66.16669176172307,56.69294868669074,0
46.23291064826908,67.24674534306627,55.83436239192051,69.68239549213071,48.22032267805312,0
52.29986071469558,47.07668496433334,45.53802110685402,69.11906876861097,63.00585459876712,0
46.61142315123947,53.49342397865313,50.18305333629495,71.55940202108188,71.61698526704753,0
60.066936237633115,49.524295214369445,54.556162818433734,67.59472168011895,71.02858577932334,0
50.68267665541369,55.449832459151715,54.54600637404502,60.73819601426477,71.49341911059881,0
48.17339224343946,59.41593421146747,66.83525306073885,71.71731091544952,55.88943168933918,1
50.92340152932454,49.852483462110285,46.68407234560601,54.13985968126452,78.03154742614022,1
43.26436855235152,53.54698130812281,58.03353545101525,57.79462893990016,72.39627518238999,0
45.14192980744674,52.97229839542951,63.93467864996974,57.28639942861404,77.33054281465999,0
56.00206953972213,61.45087130579261,68.62869847253677,73.64044847311447,51.07237822409948,1
46.71552860514302,60.485410359253756,52.573615460896235,72.54230811312061,73.1149085879779,0
44.765445086590304,54.94783712663923,57.9485767163212,68.89844189635996,58.12234760082473,0
52.68326376263643,61.237746104975784,58.418562143191885,73.57543892169437,66.02676747448638,0
55.928520773314986,56.17323940788914,56.17289038931975,57.96573774070409,75.34364898636383,0
53.594766553325336,58.098414227717626,54.406928792564166,67.78876095888785,70.91093606255913,0
54.98023842902908,71.71416463208976,57.61585233700028,63.99860457293469,61.48460020220681,0
46.21602455715269,69.38322736253244,39.80652348868189,71.77505683107931,70.06273156184419,0
42.89094666629078,50.902931341506815,59.092416940375784,64.07820613958242,54.68464684756357,0
57.506668259777435,65.80812692515423,55.757067421971804,61.92045689271935,81.50267395898297,0
48.38660080578932,65.67977588144115,53.665150619330404,69.32726814848792,67.94715980503749,0
48.745834917724764,51.96215697873167,67.28117317431735,72.00935333752986,81.18549944255327,0
56.64097070924529,65.73144350628402,50.95039588725669,59.65323844122559,64.73468312903957,0
52.7811500470033,70.76552342888787,52.58154406560982,64.511394629181,64.76424011593417,1
52.279438860408035,52.1421863562891,66.9493198132284,56.532474930866776,62.35813213362154,0
60.825011724505416,53.57748025290015,50.00763217090086,45.015511860056485,78.76173931693076,0
46.78240884809929,67.12363026790452,51.699308302380764,66.60367705130983,62.905688426715244,0
54.63920064040619,61.90046717577954,54.117847459414904,69.87124285003705,76.44595432415177,0
50.28506562448542,63.86033392667666,60.044406892777296,67.0965344726938,66.1754760233071,0
51.34296139431628,62.384124514803474,56.24681504411988,49.40350625796506,50.240367001083804,0
57.64234213206266,62.73487144649701,47.244247917086426,62.19320455938821,64.29685932213533,0
52.53917878144812,50.71469510182242,51.80698862123686,47.25321791959135,58.208917856371514,0
52.69148039524816,67.33122394635014,51.35587340072673,75.95760886123348,70.33902723682337,0
55.362536686549014,68.18712994699442,54.536673728661725,56.31156334305531,58.09592264325509,0
48.17523635228557,58.3942647915238,57.555061951778974,75.04322887567918,79.25975100714616,0
45.80395166330497,59.69566135130296,57.509234535327835,72.56695714947317,69.08924139646973,0
44.775954029894834,49.282247482109945,44.34392947570959,57.795277179711505,68.2240400524126,0
40.16821705311999,63.59978329212485,61.38364592536514,55.93772038985804,76.55892137787583,1
60.28103564970161,64.00440209199901,56.515413075979744,67.8029617310907,79.63906934075862,0
44.483958171391585,59.56466288100482,63.30719228556344,58.24540770253543,69.79901248230348,0
48.89373188207114,67.87047351909352,57.665189963744034,65.81987713726566,62.28799700450709,0
48.6159335005554,57.66145938314042,61.60793774641457,61.13737927354465,52.260303838878706,0
51.537033489045506,63.9522414812552,57.799271868700764,50.750732684274936,63.1395024296482,0
54.078686062696484,52.86234962915519,63.07735453721649,47.15625584700433,63.827877533520386,0
54.30236744179873,59.835134943880334,58.13350381610667,66.81347398795678,71.07057452992296,0
47.08461280715531,58.779520194680146,54.41250852134257,60.507538029355,66.54853118861973,0
49.16439143106794,61.57715545428659,68.63460832268129,60.57528146468694,76.87932972051428,0
51.4128997524415,57.41331149816649,60.334222733679354,70.56691071275029,63.87016728729311,0
48.75654436908226,59.07969183029832,58.44246652602648,74.38753821305956,69.42958833147058,0
58.03672788009996,65.78233020009054,47.34217350076999,62.819642229105526,81.8398744319689,0
52.45487475819126,56.94265033933248,47.270154295218774,62.27521034472111,73.41825213954967,0
53.67438893024909,48.75396029482924,56.75629289285112,69.00114426491108,69.39962458311436,0
53.31440634333706,72.24708732943795,55.873127186609445,54.144515442403396,63.98055558064823,0
55.86736928742663,69.67017855083341,51.315264609950106,66.78522443798158,63.66768603285023,1
50.90510779351853,50.95416113426067,55.84589619767236,69.41508777457723,61.493867470480524,0
43.51584026022077,64.82795463671636,64.53176156826157,70.44184166734104,64.58993134217101,0
51.99843975876321,56.4791766061406,59.172414847301795,49.50597837998028,77.55665838744315,0
46.74321553104085,61.84441050731742,48.15394894148357,58.909157841528476,67.78111728707731,0
47.35691659125121,62.05956890309446,54.33094703714234,57.97389397741227,56.502269306187685,0
52.931820093775464,58.359145397785746,50.170201114884634,65.7990956352737,87.68169293059783,0
56.19141535716818,54.51364034089522,52.673800501548634,68.84595663814387,73.19965191145162,0
50.10635788368031,55.16621263378619,52.51830600622215,76.97368325956785,55.9305659948683,0
51.54416506299482,53.586656591631304,52.13412650437597,61.040276157055416,65.58151072759176,0
58.51107472317619,54.17724454238689,47.46918776815963,61.019420013526286,71.10886382828417,1
51.20376589744284,59.52975196965451,54.23407191089086,74.19737615102997,87.04592093297377,0
63.008415570901974,54.98968007622474,51.63635417891614,67.37261550824245,58.91887541741131,0
52.827548228157724,64.77436445998833,37.423307859986394,75.1412120895038,79.76040719355947,0
41.19618620422091,70.41072308735149,67.31783214700998,67.3098240240787,83.99486426972344,1
53.76670810552266,55.9396273104097,61.53261792530003,55.74306705029383,63.7134569492543,0
51.90579192441389,61.67583150374764,52.74219565045002,54.33497316177755,67.22486381139767,0
56.44876377041373,63.49779577212054,55.11291429844359,52.58790200752857,59.6369075262623,1
53.365906756349794,63.30401589643492,47.97007391609463,70.29641467806779,67.96538858919695,1
49.30772008008113,60.53168687541261,65.1743372668652,74.50877458469607,69.63410025657069,1
43.87850881855317,65.19877692851806,66.38373216863867,79.79489713109105,76.59649998082371,0
48.95488371356987,63.3757426687646,55.94016236947915,71.74484265858592,80.90183471020447,0
45.7473977289535,51.336363043708914,61.14118386511207,74.30270862027989,62.519039353783526,0
47.09738275097639,66.08409245072491,56.05172067360354,60.35986933877052,50.326749357740056,1
52.942892022103045,66.2110358608672,46.979647366744416,55.74867346604915,69.78755220723758,0
58.34952252175703,54.656997270749926,52.529059786218056,71.80063465934043,72.9353752996864,0
51.9733576491149,60.26556484813322,55.79156780063174,68.3414460179152,72.49417687685042,0
44.02058468982408,64.78330294967749,52.27271368753934,65.85955499472713,66.73326752490956,0
52.2230133411007,58.53480326294447,53.688080335389785,68.09897184506391,71.24752099663934,0
55.98315743322826,67.51084633436209,54.45160265494531,67.58548385966564,85.15444808352248,0
46.95108547840309,76.54710746233553,54.51472901280723,75.27053487882849,73.8173416896251,0
49.32991416663541,54.49809777155512,55.3135509429849,75.35988467853565,66.26631574996915,0
50.07344097364599,50.332687777923574,48.636369601620395,69.35376281872277,64.99802182904004,0
46.0755084345888,62.12673016923413,50.697903105232385,71.76642298050342,68.3014764232227,0
53.2414021692193,65.05093753588301,47.292494405800184,69.1125004193982,86.3673996183064,0
49.39525925696109,58.383935383086616,60.866893298117205,61.31064214372305,68.16699290473802,0
52.09766221953514,70.17282464324724,42.366118348958054,71.05251739930512,69.80205655479293,0
45.5625391109895,50.62975940193726,61.921542059901554,53.84403944912591,65.17686429063697,0
47.812708498382946,64.85043036122127,63.31809638357706,73.43113241836707,80.98983357441965,0
53.61190678913886,55.75897425468774,53.18691647810427,55.44381648187172,89.59837254744676,0
48.13583423954117,72.03564534345108,39.38117747303621,67.28642629435787,74.50613049431388,0
58.63481925616703,73.94760747217683,52.83213662819626,58.23876833259073,70.82772903785425,0
48.00181907192699,54.633403885516564,54.614895032267086,69.42711186459542,70.36782833174234,0
51.12342362875943,56.15310004863994,48.93641068042652,64.72859819257673,46.15693211214254,0
54.66295415936545,66.01711520885861,51.908689637150545,52.24195233469334,77.45150864284817,1
42.90817133533484,57.290085451473395,64.1811711931801,68.36559704814783,71.34166415995844,0
41.19595594009612,59.682121474474336,58.98956297381044,60.37663378533831,74.28342050660726,1
42.371718427149524,60.17771894379687,49.4526153137314,72.04917376650695,62.88537805916295,0
56.31292051713591,46.562287906616405,45.414404982427406,65.01060550987526,66.15543121022908,0
47.240709270537764,59.90313577734034,53.03789609434137,68.1633678831043,65.88975063496827,0
62.79099642834126,55.17190558155078,53.71925932389737,57.339448359878304,80.21622984073039,0
47.17876200671306,56.548140243201594,57.9771951241799,60.28534214858111,66.21240163396907,0
50.922756515985185,70.1054240242817,51.78809972459405,61.330890911191325,90.82660322109797,0
57.71054976283938,51.20445174004521,58.06899745217117,71.85361984194044,74.30862419015037,0
60.03046444079561,65.69243630723584,66.61092424036137,78.41901670244391,57.243173400042686,1
60.30751788318199,58.04725948767734,59.893006134665576,58.55862598605699,68.71453706748044,1
56.04183115296571,58.04167882052916,54.711468956015366,73.61478515726144,63.48324877843584,1
55.12031262905731,65.53260327236198,53.901097173680235,47.64258065819438,48.056175301799755,0
52.96263474600592,62.38035906198223,52.85996119492077,55.44648479126168,85.9947094011379,0
53.89180538083319,63.99429098053672,62.08384547471287,57.3297723505058,77.03142542220004,1
47.244071418357336,66.77729262373003,51.23611932429218,54.17993048447422,75.33207317899313,0
45.90900558288846,57.68084131771674,55.2713362539999,52.33129288169936,71.65403660299704,0
49.98312771294524,55.71434285844575,55.30718741128651,68.30399129710239,56.17982431307563,0
49.14907688737536,52.403946314095414,51.98929484313081,63.28745841817711,65.16382860444563,0
47.733859753363625,54.222126290147315,46.765206712695395,68.03524318084088,78.41780774784013,1
53.481937237283574,80.64366097716108,56.937847021706006,70.5237814889721,59.487799702174975,0
54.77652604285255,68.7127570651575,54.6339761688677,67.12493594538027,44.682306837491865,0
50.442034431459234,50.54247943654385,58.00144281661942,70.26210540920299,67.72893992219073,0
57.38765040527631,50.742794302795005,51.798398161365,64.44374171006184,68.58242445972462,0
44.29155442933248,63.37306243202944,62.324927792878285,55.50405289355405,71.35563416414709,0
49.03170270360141,63.83085358164577,49.73935731272893,73.46251344656636,77.28518643514536,1
46.41588839698598,63.84218684722155,65.27224170410736,60.28710293775099,76.37605812231209,0
40.667316914634696,58.21530944512411,44.51418094103043,57.515229609900594,72.58769805243922,0
49.586596570786504,59.1218201799797,57.60862038734135,63.57665699356482,81.9553138808671,0
49.39126245808358,62.2951566691155,57.85258409515974,57.697512645627896,54.81030219186685,1
57.567248716210656,60.60125104405331,50.226657592354705,61.66055694408454,75.0458181447739,0
53.154058422773886,44.464897390767256,57.54636362716607,67.75243137250773,76.26538363336942,1
44.87906587835398,58.391402585973644,62.677112018560955,67.78673391396902,57.6043771391976,0
59.27046283167094,54.0401549601778,41.699086963875615,57.817359468594965,54.971293913176105,0
56.10516847762676,61.22647993235958,58.01646884494489,61.09835701641004,62.54057873524398,0
52.910488517343076,80.89681301822387,40.04037507801954,73.59466403816195,63.38458557484708,0
48.86757950575084,62.57237165832013,49.20601117886075,68.97120094187153,77.5341946350243,0
45.2028038163826,57.80529219679322,64.77499818940566,81.60052031478833,63.85461216308905,0
48.138966119644735,66.45261051384077,51.50930779964767,74.44102538993222,61.43651481718796,0
55.443743098520926,63.37881521046449,47.95672021354616,74.15434454847951,63.883662633054406,1
59.42293152967304,62.94066143316289,53.81237362609191,53.897051596353585,81.18632334154212,0
57.71621764136094,64.24795415250969,67.40743802898132,71.11088281306738,70.13043374376952,0
47.55575289106863,74.39580495380679,44.00990651676384,64.57514558642471,68.20748974643088,1
44.401912833554945,52.08378095271859,48.69214053016393,60.592145571694005,68.89994501298949,0
50.70443123455602,63.31542453768018,63.98459009907776,66.34412272426023,82.92060334326523,0
41.157803172185744,53.515332090129235,66.1462140612264,72.56169227689188,62.50828273396758,1
51.615838570923906,63.888588524395736,54.379412654258296,69.00665272803369,83.15508290940105,0
49.261987068506656,53.56919441959734,47.56568378484015,57.97220958926352,72.10496298921504,0
47.66981749065879,57.07843230476441,67.57506101085495,70.93967130874097,68.39580618024652,0
42.026484663666025,57.93437060033465,64.56665435049518,59.89929966339229,95.00900497934282,0
52.568000532848586,66.83071703541296,59.0736819265734,66.7334649517143,59.44360510201403,0
47.33649580169045,66.42918110759689,50.12558590637548,62.57319946018293,66.46314240432994,0
44.15041582144856,51.279978364875305,54.70582395497178,63.249069986114996,57.67568760835999,1
35.63868893359175,60.384538776998944,54.037839513731015,71.12994380032407,79.52461970536169,0
49.86242547474682,55.03294101675579,56.98510782769347,56.67845024147282,86.89188933651678,0
58.86125798334872,51.19046562527266,63.70600862878801,80.56156059421546,86.6992278140464,0
58.30629607273935,58.48088064702941,60.27650224682442,50.43131144564403,82.23948753146004,0
47.71451871706864,57.840620480809264,48.53574353809145,60.21865853396115,68.02379532204034,0
46.988939698191096,76.98701540441866,63.258978700117225,67.96169511953393,66.34759022510154,0
52.34387128037512,63.030718777524875,56.87879284007893,69.67451333148247,53.28830227505935,0
45.00807280405854,50.35667749472034,59.122394775153495,64.19619423542636,90.35873535181793,0
51.50895949909733,56.0465819708034,63.79924515567161,64.54087437598766,74.68978078148467,1
53.83040139192345,67.14968306800579,48.33051850291869,68.28440068262093,65.08043095130517,0
56.13466611942154,74.61909941008948,54.785046527761224,63.15144418033856,83.28056888986967,1
49.499229617600236,48.898116814334294,51.81127269184471,76.14545006347925,60.27235483239999,0
48.98163124911517,46.84052930402669,45.59284344780727,71.71479291385282,74.06622034222674,1
45.6100870662172,73.09675622760247,57.08025986562952,71.98259480804508,68.27370865709165,0
45.865598229800696,62.72729924159633,70.06933930950655,57.27074621303667,76.386771398803,0
48.86760554049236,53.92195087686544,43.95953353296548,64.36489260475437,69.36426460813878,0
51.83682753408089,63.742403602857046,54.80631633370318,62.59627241023437,55.49072108888776,0
54.567923131166246,41.54976582688185,58.84325761044864,56.955188994484274,70.75576372670038,0
45.984105246598276,60.02362854618013,55.73846920993709,67.88131347156613,80.48864141875362,0
57.46344284479761,62.2947482099016,54.321231684905555,60.69883393776147,69.70783594146015,0
48.64438199478715,66.4698909767648,47.20470181932505,70.24323063880189,77.75115121589086,0
49.89316352825782,52.90272833395224,56.39672045764098,56.43846749684535,59.54470514325947,0
46.263941604260886,60.59981012982351,50.45941613790444,78.75232490273457,69.73739206730149,0
37.87879869863529,53.52202761758289,41.86046977012868,57.829338731263505,63.75489544911423,0
54.42022698180525,61.78768628972022,62.16755332308239,66.75441869760348,77.4698084010471,0
53.684219485462165,53.73257574345883,60.75031491905226,71.33487448310454,70.31491562261996,0
48.593362214408934,57.143294125878455,55.30996586110648,60.4348765583991,76.90073676336613,1
50.33495358612436,53.02929223646839,56.37444812923422,71.81974914746361,80.87710426157867,0
52.5796960885205,64.5579536927656,61.44590807629337,55.16653121759667,76.91618575121389,0
42.18727071556729,66.00915781659666,56.346037940668495,76.61694159346048,72.73118434293644,0
47.35473661326853,58.3576560102981,60.42410532856789,65.11319411972606,60.017877414885945,1
53.971323398109135,60.2676659647202,53.2151067947569,60.22870873624896,69.97213889333099,0
43.72855288415376,49.85986009756519,62.87190243144368,62.60654582058052,64.66909597984167,0
51.46778966083315,57.902263463952494,56.9247143555961,71.47135415514175,66.55936043295773,0
43.21709097688297,59.648567680707785,56.164311661635246,60.324357665196494,66.2546584924975,0
52.33214991216763,78.34555163720982,47.37963346772781,59.00513848461778,60.20074425217756,0
49.82179258851258,52.21623081958086,56.721735125810255,63.22770721933009,50.426614108660104,1
41.92434092047245,70.24924067126706,50.008270495033294,55.584303097840255,63.318569516722334,1
55.82369677228586,66.97801141426065,51.17030364082903,79.56435126353452,71.93379451924159,0
46.32704211600976,61.964454831430956,50.107746230103274,60.468843270282214,56.5182295457251,0
45.948737814928094,72.31034338936593,48.60259040860465,71.65293428944322,70.15682236471625,1
51.00284598615472,62.60473830824804,67.74862841810177,66.67576066918218,89.00268424310966,0
55.743186747143575,62.724114369675505,62.98803437193042,57.123727596144256,80.23056555252239,0
44.92089090510802,59.628155428877186,66.52220501286557,64.95236232629817,86.4354150912053,0
50.308399249239855,68.56498217693039,47.662629882666614,71.27202223448599,73.91127876932727,0
52.14408250165287,67.67528463667618,55.427522499465354,63.493909319309545,81.67509822986446,0
53.46552803631572,55.62025898752651,47.23895424877543,74.54490356680822,62.760352695322126,0
50.882207776386124,50.76526963780863,50.825830736817615,73.17212314225492,63.55659732978016,1
48.16486080458339,58.5791355382304,49.49123809950055,72.35131883726663,42.60859793862527,1
45.8620488967564,54.39973004921647,62.437504038649365,61.32274582181603,81.86145474042299,0
50.43071941523188,59.555327977692514,52.62262193138944,56.361260417748106,85.40323979819885,0
44.639304940071966,68.66206694278898,61.410276002164096,60.091299157097644,64.4682275465273,1
35.39324758252697,56.79888841439247,58.62472533753111,66.56992752533377,67.46048293602765,1
52.18279902078834,59.700236330818974,68.82183251262873,69.36629370825884,62.46137886309039,0
54.519674205430974,60.40615914365877,46.12333466116166,47.62742876191642,73.82653551477492,1
38.185337822290805,65.93901617543699,62.55539943872079,64.93509438710599,81.24932545303241,1
44.95134647645031,44.27177466210776,61.878645222404366,66.26471380258548,52.57228026118959,0
53.09577130502599,55.753097936642924,49.15972697183779,62.77964594947559,74.09438530642252,0
60.2874773485585,61.47898584595631,61.04280001883896,75.33019071212703,67.23328228280855,0
50.10396853837704,68.40055269498802,57.01686977815737,68.37424059400696,71.13394391966689,0
46.35998529385433,56.556682867456566,53.63514244027955,75.48153526464718,74.58994001674291,0
49.0855177944758,46.864131057706885,50.056387078168,63.27231583719814,68.11797561227179,1
56.87438209574093,64.33798012176295,50.68534329130488,72.4998199400554,68.96413146594219,0
46.77017910437732,55.55246327822059,67.29887257471556,78.08053115622016,67.86124832445361,0
46.004039966748735,51.67233338636747,55.004096913744895,75.4935475941813,79.70316201788282,0
47.58628238908984,55.62958227200743,59.69278000918875,56.26286725257013,74.18759960127497,0
45.23335695870644,58.70832249640905,50.25460370999468,62.97059137966095,72.2058353773736,1
50.61335157997398,55.76678734823251,50.320882322670165,62.238682356401625,57.290482789077174,0
58.1233922923478,44.56103760030652,61.49190885549965,68.91403628061062,66.21420256786845,0
51.615396365580146,66.27946337820993,46.90254273069081,70.49082844011626,78.98669160339175,0
48.73823248936856,68.92412528895106,52.50871739256837,58.28885860779411,70.37696573123922,0
48.54094365542228,64.56065393937654,55.20416446643339,65.5427081113355,76.59531469589139,0
42.18404595651671,52.036200307026284,55.668235611040316,48.84058134275091,87.66511800327633,0
54.415548885735795,58.58955926236737,53.925440289903065,76.53556004641511,80.38606069208817,0
49.61081401493599,59.95435079339379,57.37491868657554,60.90100607458645,70.93158337699742,0
49.097600432046875,64.19156072693337,59.15713453490687,65.44691151875598,64.89010829804273,0
65.96553783922431,64.67838342102657,59.40782527275598,62.52280228809551,44.46450403944102,0
51.49376454182843,54.86078340855053,49.085177147993036,74.16822060010732,68.31615077527148,1
46.24104474952408,60.573968894894925,53.29506941242722,42.29994846882097,66.73987504183151,0
47.86821201897229,63.200962832306686,62.168577171261624,64.86711726139272,73.90366194395375,0
55.74222854598378,70.19075625502737,60.367883125443235,64.15344994001842,68.46094773025312,0
50.56635205268882,64.93154577877306,46.76284329111362,61.37090889926654,66.79614940563205,0
42.80861010841316,65.52339681162863,57.10887940211321,78.80981236508507,52.2060106949278,0
54.596144672876015,60.58678639550553,43.13064850375114,57.90136432915383,60.60032170849934,0
46.65927957230503,69.87321401642453,55.281609412362215,71.17436941788529,74.76651040800557,1
59.366488881087726,62.86833957171648,66.38660210047587,67.85002230964866,87.15907631132694,0
55.40024032857324,53.97238462878501,49.31264369638608,75.09215402028413,69.02474616254376,0
47.76339052170624,69.82358979087634,49.99406172705051,59.662487321779956,73.27811073574124,0
56.40508180867556,64.88532290777319,59.58417868943716,59.13624880700993,79.52478156952806,1
50.339277552637014,56.898691852100626,45.74319090874212,73.76855925981918,61.891060637997505,0
54.263868375611096,56.643549228205295,51.20346982068977,68.40257046664088,73.66814043285443,0
52.42366408647237,62.07602881598533,58.578646825490516,52.64050122658593,62.59509893667841,0
45.76821672504563,63.242293566873094,51.194284913863584,60.68555988429384,78.64824438491011,0
46.78225083841269,61.38104585941844,53.58418007673417,68.09106123078449,71.51403047951733,0
55.14980408790581,62.17916071410019,59.46511426189021,71.70211377237271,72.9845181398144,1
48.326123339467294,71.89970162203467,57.52927650121937,59.56615477445636,62.17401402581411,0
47.981757683790015,67.5008020656442,56.60091037777241,41.68595208146447,77.07032359610785,0
45.224387103253235,61.33444913885517,52.96526632437977,69.18578548589626,90.84712921231016,0
52.11799532796731,66.58917406537239,57.220366691613734,55.237434480448194,59.92088304571794,0
60.31262459621573,52.772332675307226,54.25760391940146,48.86128961502071,66.60240992352476,0
44.66233542872864,62.78548934962766,57.74683365955471,42.34139260012687,72.31607474168092,0
50.12109728336379,72.66514444813177,52.01840784929213,71.51184688158193,77.86406211995816,0
57.061102777077146,58.47367873225338,53.904586153722754,66.02893960323973,64.40453714710532,0
49.60179304377142,54.066562499666404,49.060253244687914,63.194748954301986,41.6696970985726,0
52.26185898124867,55.43537777984857,54.789954339962584,76.11219490370209,83.59189494164025,0
44.688032359265605,52.37256873860328,50.13399481822693,70.09859746418458,77.60506119584143,0
52.141535486038244,54.50666664310607,48.31572129902804,77.93040034177534,52.57052469513335,0
49.06427867497726,57.4064433098698,56.55196688713233,53.85811622266403,63.92431208220444,0
54.928649978399314,50.16103086574951,56.27643865514596,64.72359500836829,85.68182429527326,0
55.936930257823754,60.10932833764722,59.697242409691434,52.06629300041588,84.47796418457867,1
62.94781821009307,66.31594021650653,52.413246582549405,63.164941345156265,79.38640022678945,1
52.89816586606788,53.645706738971555,57.448317081020534,63.011073169866584,68.23887566040138,0
51.62898158291083,70.63498746549239,58.30478543364198,70.01290909810457,70.8298741881251,0
50.97192150788668,63.57554461969316,57.66864284698957,65.36451104913519,68.69074194873873,0
48.23416853594656,67.2140640993684,50.04607790318715,69.98725710623933,81.28239783268837,0
51.692419217308455,55.39515812303504,55.89618089362713,70.62752106511115,61.2415759350489,0
48.52299294930485,65.9816765894663,57.18484177632797,82.23942941906513,61.94200345115795,0
50.84230488134807,52.35646269723281,55.043070801447655,62.47762675771101,80.10274586836016,0
56.587987678039795,66.23173250585556,42.48113404977349,57.471818394668965,69.55638544488438,0
44.9672871736018,61.202875378554715,55.96293774384088,66.96866892253126,83.78467355453807,0
55.699392805645225,63.87275853989348,68.27518623638345,58.58175978288365,63.28487793019454,0
56.58557533669933,51.77083776062604,52.839764387458104,76.85568614749229,69.45221639661175,0
49.40965736504461,53.73451110406377,50.63153741286807,62.73425568843814,60.77587015156047,0
39.390725504957025,64.1805975277737,57.24009135826839,60.47538905700808,70.07362681423567,0
46.96089006452784,53.361563970430595,56.87426926279943,61.229474230791055,55.21453063001201,0
56.484972732805545,63.24244404469386,62.156410992498486,70.74733938777312,65.12366579045037,0
49.88565968850559,50.43003535477828,47.45279106454667,63.73802413414812,55.63746135071882,0
45.00348883852545,65.93721948866667,59.388281515449954,59.86666543895694,76.93923233191258,0
47.476125393858915,51.37233679662044,58.542532367508784,78.32281534098824,77.16589339759652,0
54.20310013252276,63.86609956375666,54.14712077835672,58.150641274706,52.697372695156545,0
52.7336678410069,64.37941653552201,57.03212390753014,65.28452859226395,83.33885745500572,0
48.805339504151526,55.122597270992976,61.17674488959014,70.21844921288184,94.97415126419854,0
48.16587794092656,64.07418596959309,60.2338922801707,51.94931911666342,70.46006386736342,1
48.04120925478089,61.82309584333489,48.14188412755763,68.8420840112474,63.58885739775355,1
45.387949077507486,56.22810700665083,59.92094912053291,56.5591385961564,98.24330591003047,0
58.07687844734721,52.94011721146654,54.61186836980489,71.58226224667202,56.8103150169749,0
48.3883976539433,46.26162015829195,55.437244588093094,57.29879190464819,70.20106466869099,0
56.085792604127484,62.44755033109786,55.439181946010166,70.54215225479088,71.79622272631923,0
57.60658025961226,49.04638060046561,54.09854206721044,73.8466645303577,83.45147620452414,1
54.9915544907398,60.667409396089155,62.15024498264239,71.89149220506243,73.59738975126788,0
47.84189843640976,58.15586248742426,54.497692240904726,67.01053318590482,65.01366104211549,0
52.018650451683044,64.75399942806737,48.28272322970099,63.1495924565624,60.48815629612044,0
49.87902196804542,57.88568150357095,52.638820864181625,60.388643389321246,66.58178179753864,0
45.48149069634936,57.693865495570364,56.072168300862856,76.76827752653683,59.93072639054856,0
51.62179640860801,65.12309493001807,62.3752887057823,59.404038238658856,70.47825319784683,0
44.10480104420099,62.34540620358882,58.618568109693,56.703471411440034,64.35803820139513,0
55.93839694230782,62.21309170027945,49.89678832751774,70.32295148026265,55.059622067102495,1
47.67691351350803,63.28487312865968,69.91113950007335,58.630905574508034,82.55145788374904,1
51.0057982793642,49.25099513755026,56.58865186586788,57.39949202027098,65.0232747657096,0
51.41643935773071,65.29752075990888,62.65234442799409,53.45116590264188,57.318631950246875,0
48.705475131479616,64.28728155809522,54.089713398536624,61.13672128431586,68.31740865512458,0
52.933469007376374,52.88321809996452,58.200155468232694,64.33827980882805,70.6837156596766,0
47.62548171688738,58.29143668428059,60.03681102711043,66.9447338212856,52.53533274420967,0
54.35648648728622,59.72484898660658,62.30916827052553,72.61044995439586,73.31647667125763,0
43.27010159876626,59.058522509187874,61.34420983226935,69.21518338932636,59.528424313097354,0
50.63189789773206,62.33701976597974,60.233182000437864,63.47302224357456,87.11028809190788,0
59.694644995291426,70.01956747281828,53.10947961283535,63.414434588962244,75.23960512076735,0
44.99834337697213,67.5723670937098,51.569523748263634,69.08125975132147,66.00100009890683,0
46.61127514737574,50.81446564598016,56.99564506194518,75.18056130342856,62.5483222968265,1
52.569539248294575,64.35448993214234,60.59876843404642,66.0105135958656,68.95032292436376,0
50.89790890969799,69.30253323674786,53.66367579534036,61.24695316631673,76.1279074158329,0
51.753150496367795,62.70765964482442,61.39103179428632,57.05707199131564,69.745058714148,1
52.44593565073832,67.63686297630177,63.71570047291708,53.4383578847022,67.82841192863144,0
53.17360734280885,74.08589311990536,49.50207448555948,70.33015737634818,70.58370290817895,1
55.54849920978111,67.16596682274887,49.97847577722232,69.62382818911645,63.961410687630455,0
52.04909328464257,61.7451601694921,54.15774964656798,69.6189082008533,66.56794073156962,0
48.79371172690729,67.31561931859328,56.845676009135175,63.970724429183555,49.14207561094996,0
53.362868506013655,61.01421483167824,51.852597917397695,76.255477967134,79.73726230852368,0
59.49940967447608,60.16732130299469,63.113216073202864,61.127052043321456,72.98797780321762,0
49.33683126808713,57.540100350003875,57.54440116911071,72.64215389765765,62.265441559665696,0
45.12735347664679,70.94389351182475,55.23668228944444,64.69005684008366,88.98734981355238,0
55.53540334643486,54.27099933840599,46.38454285678883,60.1331938825653,70.87016480392387,0
49.39809418023201,70.72657407274681,47.10510510143496,69.74024245854208,59.63856428024803,1
39.13665226992982,63.4990488661826,56.68605550169084,68.27708894947195,78.56737421470459,1
54.23710838575211,50.20485677638641,42.204426243070984,67.8557820741354,73.98048216509262,0
47.32335907023039,62.57354505093995,61.07582445786443,65.65022737644959,73.94579985484219,0
49.5473335884792,45.29981444643863,54.051076933766076,64.69685534626535,65.7424439534841,0
51.65990165284507,64.37855611781725,74.45855781756839,84.10697594296352,74.50495723778035,0
50.95249839889533,66.19662038092294,68.84749750369666,74.47405316156939,67.38241709778906,1
53.547259085695195,55.85350831043563,53.9113055845149,70.7826151598841,75.55941451645842,0
47.82256814715078,60.86483387168908,54.36197798481211,65.8943932656271,50.95055545989361,0
52.565528990880416,73.679102036252,60.97348908401218,73.05725760477335,65.66126537020811,0
48.702266612080415,56.45977307016644,65.21903565950822,69.14395821113162,87.22155097808195,0
53.694052404437514,52.58764689060379,45.1718256553839,65.20963802219228,62.32932544599699,0
53.07683742006527,70.3716438172382,44.28174720787188,62.57148539787268,63.961617025068136,1
45.32280648977702,73.73811033371557,51.26779116667371,64.3526612986985,65.52038661550024,0
55.42991058087516,60.02586970293493,58.496425499043184,39.63659411297556,57.85193864111356,0
47.32018277442976,67.0802412478585,57.981241543045584,66.68480671438114,47.91719223771748,0
54.040288991405724,69.39033140871616,61.418628729903105,61.09219135911712,67.69413601476387,1
51.8364365670067,54.802610372231314,47.80181482980815,77.74135998626308,71.35859424081657,1
59.190918383975614,56.60285915242492,41.10313682218674,65.15475256649404,69.47494931461348,0
48.88267008814074,68.61612159208315,60.14808517181287,55.48829264372031,68.55121438052113,0
48.25341601940901,71.79509995095957,50.030822362208596,64.60095876697505,70.43040870850388,0
49.90290197056134,63.940166021220485,42.88907281366817,56.63103131949997,80.22841471550764,0
48.48410108582862,53.84129952548562,55.87038247575629,68.78725932569974,68.09553814070783,1
53.99970950971025,73.90942778189608,59.75905412931206,67.32757891471589,64.2591742291273,0
41.91844695781706,56.28320371531625,54.267657207272336,72.66271704886614,67.18874515111914,0
44.73158790426823,57.654035531799835,52.25290968290506,58.672945666443475,75.79346759756775,0
44.66098539210404,62.39636484142735,54.04382660712456,65.27206476982518,84.1202687854325,0
54.751537959867875,70.87912294500342,52.7765034255953,54.07982563658692,63.71856260830822,0
58.553066862909624,65.97783183586557,46.911717328358996,70.61195825539771,70.98933787028884,0
49.47775390731264,62.904058502533374,50.71191593805741,69.15096944352098,73.38357441935959,0
49.155891384049944,63.243019710826744,58.127679430082885,68.96644016822057,60.07421993271177,0
50.35026081556591,60.30460268050426,56.930071248259,65.01295225085553,70.20417167212918,0
55.80939151304095,63.906976601629545,56.00835883580092,68.31818312631033,55.34326142657905,0
45.36323432904713,42.29307945613988,49.02910910887972,77.83471286646878,52.30949696260601,0
51.191844913673926,57.92374778651141,53.910981027186,62.719245943663886,73.66746407892256,0
54.87598814891215,61.68925354441747,41.937609721342874,66.10916146968067,66.16125258669217,0
52.50547084969923,51.94290141466345,56.07085998331234,56.31098960654872,72.0228040762122,0
50.94790808299372,62.70426322468092,63.57314624688141,58.05391230721334,69.8210502299165,0
55.005230462835705,58.56870145309715,46.15520720774737,65.78250634474647,60.235999513362025,0
36.48383853500381,72.28832988820844,51.48443396009347,73.83146837361525,69.54745698035663,0
53.38937659765454,71.011138076504,56.974640672260776,62.94975340598742,57.668986949851444,1
46.72962158436288,56.73936101617286,62.517055806564905,63.112667765503005,83.909723580014,0
40.846835515717714,58.94413601903313,52.3106523021991,61.744918043965,56.440296551400365,0
52.556012997624904,59.48236704074125,50.846498024404625,60.721946633245416,68.04214729031419,0
56.86829272581479,56.83838366688264,43.1864611455035,67.35977164567058,59.57728411952752,0
49.31275742686154,61.36517488819689,55.62062877584864,53.02193883857085,75.70421173360796,0
54.76437273601469,54.69202551778687,67.25245624086247,75.24751661333381,66.68568628718498,0
58.06139128994323,52.08569265543731,56.66415077178806,59.67662161496432,64.8133328037879,0
56.57457226792024,64.35897856730188,54.86632612489772,70.77522788350512,78.53201545051554,0
58.199822646856965,64.40670708955267,56.93249386460191,54.84001122084899,70.29430591677553,0
53.71063745535946,54.36978968238005,54.933447976308386,70.35072104436975,75.16644445935967,0
50.377168194507966,66.2674880153382,50.12191376643922,70.37555686251598,60.186740634825355,0
41.99017094051416,55.57895589584268,59.93967949406623,68.07361657604717,55.95183056072493,0
48.76968755935026,61.77215666626587,56.35456913867053,57.044571825601665,71.07207962040134,0
45.78376702341904,65.74240808828719,55.10567951160194,66.99638551678461,66.81153644505268,0
60.85471358748907,59.764712047074006,49.1478038363305,55.535550522124886,76.26434672453944,0
49.120570937838316,63.18318638498794,62.821047591608554,62.977893959230514,69.20091547337451,0
50.61602403392243,56.384992492787,58.98821647199866,73.2353048076426,72.0507533923463,0
52.75742688020234,58.62473391600332,51.68247497579619,71.37361541656594,53.76617470058757,1
50.21801223186227,58.55898398383762,61.010949122091624,65.12146354032346,88.88436939614257,0
58.47525520215376,54.77395157421833,52.01457496968876,57.201547392617265,68.35758014967968,0
46.88675319132774,58.76258085818952,50.30797904493378,70.16470169739355,76.975869703392,0
50.97303727618621,49.15967190795377,50.441781295118275,65.1550499015842,61.63908329780374,0
46.28764707150976,56.561923770005265,44.37358868147145,46.43747521415661,73.08009902217341,0
43.399887443896475,58.0058715464123,57.82925428250923,71.26103861053214,56.97155236475255,0
46.94115454547357,58.206741732532336,44.0131307299699,64.80613732904246,74.52067838259671,1
49.81481601475794,58.30951787890455,47.62933701240542,74.61960998386458,66.44025915614168,0
47.8534888774137,59.5676506009791,42.5464719455288,56.237835849257564,70.29190503935567,1
46.53789510063072,63.356090626602445,54.48358184325464,39.58636949443199,76.97974030130098,0
